0.1506389916528322,0.27985478119062746,0.0,0.0,0.0,0.0,0.0,0.0,0.0,0.0,0.0047999930706484565,0.0,0.0,0.0,0.0,0.0,0.02743657308138739
0.0,0.125283880008949,0.1221852372813049,0.0,0.0,0.0,0.0,0.0,0.0,0.0,0.0,0.0,0.2339115645493653,0.0,0.0,0.016787436490805063,0.057002051501901116
0.32163379896753125,0.3698146881220115,0.0,0.0,0.07871450401126623,0.18655210051453733,0.027993335444042138,0.0,0.17747507461810588,0.0,0.0,0.0,0.06194785862650783,0.0,0.05529242400860408,0.16854090037566763,0.05461865552984966
0.0,0.0,0.08161943967776068,0.0,0.08893949097556757,0.16627329991569248,0.0,0.0,0.08662432245394687,0.0,0.02286193059095776,0.07455254633764044,0.18784209304453425,0.0,0.0,0.08502587094686354,0.0
0.0,0.0,0.06145760472098214,0.0,0.0,0.0,0.01741701648482329,0.0,0.0,0.0,0.0,0.17472094433871932,0.03411201355567115,0.0,0.0,0.0,0.1542824785391373
0.0,0.0,0.0,0.0,0.0,0.14617123315407085,0.1072875494376659,0.0,0.07306304270985772,0.0,0.0,0.0,0.0,0.0,0.0,0.0,0.0
0.0,0.13703649616601546,0.05462869594117888,0.0,0.0,0.0,0.012312479176953117,0.0,0.0,0.0,0.227814811886402,0.0,0.0,0.0,0.0,0.0,0.06882255470606044
0.0,0.0,0.0,0.0,0.0,0.08523293800960507,0.20980575013930056,0.0,0.0,0.0,0.013275332614673868,0.06296659328055088,0.1574107108851177,0.0,0.0,0.0,0.0
0.0,0.050994929184698876,0.0,0.0,0.0,0.0,0.0,0.04914488795818269,0.09340684929083529,0.02698965904831958,0.20887157680295226,0.1990099163077255,0.14919652014912144,0.0,0.0,0.0,0.061858271185364064
0.5215893916276964,0.578891648828584,0.0,0.0,0.0,0.0,0.0,0.0,0.0,0.0,0.0719906559713871,0.0,0.09809753717530711,0.0,0.0,0.0,0.08421458284738563
0.0,0.10672369210481528,0.08346405888015736,0.21360717754904396,0.0,0.0,0.0,0.0,0.0,0.0,0.21519010909935984,0.2113185395705004,0.12199660853571995,0.0,0.0,0.0,0.0
0.0,0.0,0.0077441772166275125,0.0,0.0,0.0,0.09790013330646348,0.09874742297893409,0.01404739764778074,0.0,0.08824586924748166,0.008761070007374066,0.0,0.0,0.011603267965884035,0.006362749074448615,0.05129739383073639
0.05065385142989346,0.0,0.04244168601883512,0.0,0.0,0.10004720204202174,0.0,0.0,0.024133511589707248,0.0,0.14885563791702305,0.03101042051052092,0.0,0.0,0.01768181905400814,0.08246433895464908,0.3374830825796015
0.3988639671921383,0.36347017920956004,0.0,0.0036347842989694775,0.0,0.0,0.0,0.0,0.0,0.0,0.0,0.11065155542188398,0.0,0.0,0.0,0.24713272994589902,0.043015851523662454
0.0,0.13374891721466664,0.11642357167450741,0.1513994824590975,0.0,0.03414509313845677,0.0,0.0,0.0797641013795923,0.16178680746407514,0.002561711382476693,0.0,0.06765348085008968,0.0,0.0,0.0,0.0
0.0,0.0,0.1020246424406743,0.0,0.0,0.12089958377726129,0.0880901951440212,0.0,0.0,0.0,0.3365595579216625,0.034499113690209915,0.04795412009709786,0.0,0.0,0.0,0.059299897443850134
0.1508997215119606,0.15339777857647924,0.0,0.0,0.0,0.0,0.0,0.0,0.0,0.0,0.0,0.0,0.0,0.0,0.0,0.0,0.12451773894227054
0.4638476017281447,0.3062743211191086,0.0,0.0,0.0,0.15392220184559463,0.0,0.0,0.05712946127942402,0.0,0.13841640098618224,0.0855517690861734,0.0,0.0,0.0,0.0,0.09738073710761064
0.0,0.0,0.0,0.0,0.0,0.0,0.14118818266290248,0.0,0.0,0.0,0.08761667165838612,0.0,0.08846133328207763,0.0,0.0,0.0,0.09440423133512237
0.021181945612096808,0.07162078442405768,0.04346090392325186,0.065140550304064,0.0,0.0,0.0,0.0,0.056034416123769616,0.0,0.383575192578786,0.17444043258756115,0.05887811662406313,0.0,0.0,0.0,0.0
0.0,0.0,0.213708718977284,0.0,0.06043100864449833,0.09713396406688077,0.0,0.12657111222798484,0.07145805132033019,0.0,0.13924756120966192,0.05788628327998645,0.18226829381917292,0.0,0.0,0.09374874245758694,0.0
0.03990497658683386,0.2544465900691998,0.009177471200382861,0.053370071443322155,0.03489742784429868,0.16839476821106864,0.0,0.0,0.13287080427017564,0.0,0.0,0.0,0.0002933260941161709,0.0,0.0,0.0,0.0
0.0,0.0,0.1972112909230674,0.0,0.0,0.0,0.0,0.0,0.0,0.0,0.11201922153082788,0.0,0.011935171667422164,0.0,0.0,0.03979204120023383,0.0
0.0,0.0,0.1349449425655426,0.0,0.0,0.044483666046164466,0.12677148066493366,0.0,0.0,0.0,0.2385271260584966,0.0,0.0,0.0,0.0,0.0,0.06998089484873878
0.0,0.0,0.021546802276831777,0.0,0.0,0.0,0.0,0.0,0.0,0.0,0.12722116443323503,0.12627046327093888,0.0,0.0,0.0,0.0,0.0382362126023897
0.0,0.0,0.0,0.056201158087978244,0.0,0.0,0.040604919737159184,0.01650777389468505,0.006637198727066601,0.0,0.2077555683712129,0.0,0.0,0.0,0.0,0.0,0.0374625961745291
0.0,0.0,0.0,0.04030834204965826,0.0,0.0,0.019784535264699678,0.0,0.0,0.0,0.16958561333612396,0.06513262087803703,0.0,0.0,0.0,0.0,0.09874932876356082
0.0881584583663745,0.0,0.0,0.0,0.0,0.0,0.0,0.0,0.05667654738170339,0.0,0.14771758062424806,0.012041106239379294,0.0,0.0,0.0,0.0,0.03285260969319806
0.0,0.0,0.0,0.0,0.0,0.0,0.0,0.0,0.0,0.0,0.0,0.0,0.0,0.0,0.0,0.0,0.08304335577816895
0.0,0.0,0.37244620229021597,0.09277332730744027,0.0,0.0,0.04280104290363821,0.0,0.0,0.07346784831510027,0.0,0.0,0.08379227302115291,0.0,0.0,0.10132669839271306,0.0
0.0,0.0,0.04032624889209506,0.0,0.0100254928580781,0.03875317278387916,0.0,0.0,0.0,0.0,0.21979660903156084,0.19471504149028845,0.0,0.0,0.0,0.15159358633274184,0.0
0.0,0.0,0.0,0.0,0.0,0.11605438560219614,0.15451925937781058,0.07620375763455137,0.0,0.0,0.07831076501315135,0.0,0.0,0.0,0.0,0.0,0.03750020763010486
0.0,0.0,0.05484953030580773,0.0,0.0,0.0,0.03992177169525314,0.0,0.0,0.0,0.052295915788388346,0.0,0.19132443471892632,0.0,0.0,0.0,0.007705607890749711
0.0,0.0,0.0,0.0,0.0,0.05989482387122336,0.0,0.0,0.0,0.0,0.3739997539363894,0.3342320703619929,0.053893955316228224,0.0,0.0,0.03914292895830782,0.2189099942606278
0.0,0.0,0.18394929630766815,0.0,0.02587221827378436,0.22238373936277095,0.0,0.0,0.047370687554079194,0.0,0.08978405625227254,0.0,0.08998276534530011,0.0,0.0,0.0,0.04271377678011729
0.14556857693736697,0.2836788943347995,0.016855399617651912,0.0,0.0,0.19545420118809315,0.0,0.0,0.08494818135923618,0.0,0.0756342812795453,0.0,0.039397148418484386,0.0,0.0,0.0,0.23092388039757566
0.21632879759729903,0.28848143841922785,0.08914487540088097,0.0,0.0,0.08239325498582632,0.0,0.0,0.0,0.0,0.25153953062830847,0.06691741089027074,0.0,0.0,0.0,0.0,0.19167819118303353
0.0,0.0,0.03178152959596338,0.0,0.0,0.0037966862433211845,0.0,0.0,0.01228183173514803,0.0,0.22694325424083045,0.02539616614303809,0.034335179959048764,0.0,0.0,0.0,0.01952137130685454
0.0,0.0,0.07805818051469134,0.0,0.025577853109628734,0.0,0.0,0.0037774296357636016,0.0023560621033711484,0.0,0.12846840568977985,0.08289773182536811,0.0,0.0,0.0,0.0035762176387285185,0.0
0.2103512003875183,0.28228693111376785,0.0,0.0,0.3993145900906582,0.3374820267279511,0.0,0.3537522740987373,0.7191357695705036,0.3016966012981697,0.0,0.0,0.0,0.0,0.22049272907014467,0.0,0.0
0.0,0.0,0.07919175788583337,0.0,0.5768700622791025,0.44486825523709417,0.014649768328839666,0.3725703724882532,0.7138663894059014,0.30377172965872,0.0,0.0,0.22636771406026474,0.0,0.29135855380375897,0.0,0.2143341222880477
0.47652291198947144,0.4530706838982586,0.0,0.06209033936937973,0.3790177804884185,0.48564740570784776,0.0,0.35001650682853136,0.6429216129874393,0.28518255433903344,0.0,0.0,0.17103968671401387,0.0,0.3309528436337107,0.05127015938903232,0.04322982993199254
0.0,0.0,0.04546911466576227,0.0,0.5528272729376498,0.5226517000171661,0.0,0.3231809879479136,0.7007674486058003,0.22593367079871157,0.0,0.0,0.35636156251148965,0.0,0.5366766973148441,0.02147664828802005,0.015552882163313237
0.0,0.0,0.0,0.0,0.3581126171250507,0.35751056691435806,0.0,0.13876256348087426,0.5660952298740217,0.2285441031234948,0.0,0.0,0.0,0.0,0.06415389946739358,0.0,0.0860526525314197
0.0,0.0,0.0,0.0,0.5193891812677645,0.5001535313852822,0.12188713159317074,0.2588824189392738,0.7783164046484876,0.3474952679640702,0.0,0.0,0.0,0.0,0.12272479600529666,0.0,0.0
0.0,0.0,0.05596150064583254,0.0,0.4897890362201802,0.3488991324554046,0.047863524632580395,0.43250367675619267,0.6225098568380903,0.42326645642085226,0.0,0.0,0.11536951703414351,0.0,0.33323952457626344,0.0,0.11787416104826098
0.0,0.0,0.018980578024392868,0.0,0.5321889681926047,0.5033958969229763,0.34202895946542633,0.46801353421197944,0.6641112364793169,0.10107142978513797,0.03137710382674785,0.0,0.0,0.0,0.518835743582146,0.0,0.0
0.0,0.0,0.0,0.0,0.6143359096467875,0.5648912052399158,0.08493491881582348,0.6081985280484699,0.8147420225236319,0.32933369256662187,0.04807279989921265,0.23703190641938185,0.0,0.0,0.2166109430762721,0.04816019288234528,0.09885593637670154
0.10721231927955599,0.12408852257240902,0.0,0.0,0.31645763223568557,0.2689476373783003,0.0,0.23475092813126666,0.6790892785193059,0.34498760988450483,0.0,0.0,0.1483400819068156,0.0,0.24508145032761033,0.0,0.08968228655064411
0.0,0.01208089657138443,0.0,0.0,0.5240072961082486,0.30270358369280187,0.0,0.33936310118184454,0.7934860158020052,0.2533706626164746,0.0,0.0,0.04361703729393517,0.0,0.41697581297679776,0.0,0.0
0.0,0.0,0.04429140981640761,0.0,0.41022232762491645,0.38689120779089503,0.2336300108341453,0.419170592146518,0.6199094954027327,0.16821927342552415,0.0,0.0,0.0,0.0,0.5185607187187775,0.057701387347360744,0.0723024879976748
0.0,0.0,0.0,0.0,0.44835043081335213,0.44741241417057154,0.023793529466708964,0.26302309514070593,0.5945997455494816,0.3515300754514326,0.0,0.0,0.13503446231994717,0.0,0.6154286819716365,0.3810102627951234,0.42346607845469997
0.24058472527206382,0.19693586068545885,0.0,0.0,0.4751644285231542,0.38953487250814217,0.0,0.29495594552853405,0.7049549604833676,0.18747559035859826,0.0,0.0,0.0,0.0,0.5869603078513645,0.09698847889987613,0.07544680933476633
0.0,0.0,0.17472321598474755,0.0,0.45434904380821484,0.31891977006403593,0.07380748068631279,0.28999728856705603,0.7272630988210603,0.46611241586716734,0.0,0.0,0.04759208244722511,0.0,0.27663738888780365,0.0,0.0
0.0,0.0,0.06007119250342012,0.0,0.6051425611091847,0.7843113961240242,0.21077267267274266,0.34573804790935597,0.635780956580765,0.3406499354007947,0.0,0.0,0.15039963448143595,0.0,0.0,0.0,0.0
0.012321620607996086,0.0,0.0,0.0,0.3920428697756301,0.320330634916402,0.03863828557907552,0.34651598161713404,0.6073032056395671,0.49100187693273833,0.0,0.0,0.07999164592403353,0.0,0.337080231300724,0.0,0.17149444251443746
0.2573850150698439,0.11305516287385586,0.0,0.0,0.48805081091450414,0.3112302575883859,0.027626277824355255,0.42687040235042,0.7454377243833085,0.39903737684585505,0.03198707714261585,0.0,0.055534797818798096,0.0,0.19335559135449515,0.0,0.19352113502446813
0.0,0.0,0.0,0.0,0.49032677571314276,0.5110530330895114,0.20702057770262713,0.3378862468999523,0.6699302321143799,0.05874201596304955,0.04403501471639943,0.0,0.0,0.0,0.2551707888992498,0.0,0.2302361206434944
0.0,0.0,0.0,0.02928915255117993,0.4884249798993494,0.322135313503519,0.0,0.33922984335517825,0.7107500686619309,0.1880472935703427,0.0,0.01930880483598005,0.1786092212445403,0.0,0.3242553281722243,0.12167865339006978,0.0
0.0,0.0,0.17597175735800896,0.0,0.6126355995304752,0.5371730840277276,0.13018367083885624,0.5138053682938619,0.6535492260883738,0.1964149026040159,0.0,0.0,0.23752218231210445,0.0,0.3420465179013351,0.19840527729796778,0.2699190074888543
0.0,0.22844995654898154,0.0,0.0,0.4313009348583966,0.4107896143934336,0.0,0.31988345494268183,0.698209103767,0.15642344921653453,0.0,0.0,0.07924975780917616,0.0,0.29267169233147106,0.0,0.01669776256424842
0.0,0.0,0.10590640046939748,0.0,0.5832089900165209,0.4282422624241475,0.08037125976508233,0.2816978728104327,0.6671930543397324,0.18761338818649767,0.0,0.0,0.0,0.0,0.346744145344694,0.06449146622604005,0.0
0.0,0.0,0.1179017706624554,0.0,0.3691867572272922,0.6328191240971178,0.11337272569801622,0.0851978986864579,0.6303959340461172,0.06845691918774581,0.0,0.0,0.0,0.0,0.20432380968160557,0.06048293503830819,0.18180354155085518
0.0,0.0,0.005030155309823872,0.0,0.25326374860413764,0.26865390997496374,0.08154408642571818,0.19695507210240443,0.5299422624422985,0.11502278803169586,0.0,0.0,0.078123497513694,0.0,0.5931383734022716,0.12894869787439447,0.2964655104250856
0.0,0.0,0.0,0.0,0.3922025595173058,0.1758497960514375,0.029036642318116444,0.2450041390687665,0.593370754670894,0.4349535977978293,0.0,0.0,0.0,0.0,0.18010604658824303,0.0,0.0
0.0,0.0,0.0,0.0,0.3744191659193016,0.1799301632107236,0.005258209640568576,0.2397154478460755,0.560144965826288,0.14064712165520013,0.0,0.0,0.11836420390116946,0.0,0.3557918361261138,0.0,0.046493976573063575
0.02679035015825998,0.0,0.0,0.0,0.4141476801415408,0.47459164494409967,0.0,0.2663116030623907,0.7244414854386975,0.08994832333819683,0.0,0.0,0.0,0.0,0.3434900925405364,0.0,0.3413324291222834
0.0,0.012527426247297089,0.0,0.0,0.43895391157433383,0.3798478425618258,0.0,0.395859153215014,0.761193149332554,0.35313382597611853,0.0,0.0,0.0,0.0,0.4286921522983964,0.0,0.22712310825943857
0.0,0.0,0.3154472972383161,0.0,0.4727556491696071,0.3237153308598564,0.06660165827679139,0.420963361880528,0.7074093396578182,0.43344844695129314,0.0,0.0,0.0,0.0,0.39765908571872005,0.09746840191723978,0.0
0.0,0.0,0.019011582048159954,0.0,0.5148786870431599,0.518440499888751,0.0,0.3605324822576132,0.6150975027301713,0.23838883163531893,0.0,0.0,0.0,0.0,0.5736691684892082,0.2972280874493205,0.0056231585754891785
0.0,0.0,0.0,0.0,0.6267523873614851,0.7427735473839641,0.13395611515075473,0.35537979970072153,0.8167056954030487,0.28005343065631794,0.0,0.0,0.0,0.0,0.25401073932379925,0.0,0.0
0.0,0.0,0.0,0.0,0.5467081901226978,0.46042756867614304,0.19885776052807452,0.444608387734006,0.6240169767733299,0.25717253375045285,0.058187272708341974,0.0,0.05465033605349969,0.0,0.41129744927063727,0.0,0.0
0.0,0.0,0.0,0.0,0.29187609022730104,0.40296866581689705,0.03704402723589219,0.1328647198908867,0.5881867675878478,0.0,0.024321443791331394,0.0,0.0,0.0,0.6104882526263293,0.19630146329531778,0.3293277451998919
0.0,0.0,0.29343519266199725,0.0,0.6864507274732669,0.6591660974344452,0.0,0.3583140436240241,0.7584271379697853,0.22649776913191982,0.0,0.0,0.006567287301327438,0.0,0.42910240618375156,0.0,0.0
0.1350934585776721,0.22214223470557606,0.0,0.0,0.38062134445285356,0.39529930699977095,0.0,0.24682679062648888,0.6471908387074113,0.37167954532454195,0.0,0.0,0.14073709859314082,0.0,0.47164952186281983,0.0,0.2163507353197287
0.08534463754420624,0.18263262731770452,0.0,0.0,0.3907649915709915,0.36841846355096086,0.0,0.23228505879183986,0.6299241636555506,0.2536356461147122,0.0,0.0,0.0190365251875388,0.0,0.1259252322484308,0.0,0.0941404205714725
0.0,0.0,0.0,0.0,0.42423500537941283,0.17235889252472542,0.0,0.2758571583880379,0.7262216492031227,0.36685457780509073,0.0,0.0,0.10704457117329087,0.0,0.5502220266055209,0.0,0.0
0.0,0.0,0.0,0.0,0.6654103136658861,0.46481272980265176,0.015171516473638277,0.628764469348456,0.7802986178061428,0.44486768534592713,0.0,0.0,0.03961832325631404,0.0,0.4095676508223275,0.04571304656220423,0.0
0.6610807807295681,0.17136190392518796,0.1538429114356975,0.03333792561113215,0.0,0.09235380514498584,0.0,0.0,0.0,0.0,0.14939193242847926,0.0,0.0,0.0,0.0,0.0,0.0
0.28231406856177144,0.0,0.4283046771266842,0.0,0.0,0.0,0.0,0.0,0.0,0.0,0.25856679590025444,0.279401876544782,0.20759166161315257,0.0,0.0,0.0,0.0712739581701158
0.6014496739332371,0.17417056870161834,0.08136117879411212,0.0,0.0,0.2714169429656422,0.0,0.0,0.0,0.0,0.4827073022702182,0.1148046384298318,0.03907151780353711,0.0,0.0,0.15574045338515452,0.18104744685389668
0.0,0.0,0.2936864013471206,0.0,0.100275109528056,0.2594195133158551,0.0,0.0,0.03566691198526734,0.0,0.4902743950980061,0.3419368016453009,0.34173656981051176,0.0,0.0,0.11516634216666485,0.0
0.10929878027456401,0.13306709181005644,0.0,0.0,0.0,0.0,0.0,0.0,0.004917005341902797,0.0,0.1366014572502147,0.44886632215203887,0.0,0.0,0.0,0.03728357834752605,0.11311649613928462
0.18861422056066307,0.0,0.043340844182887896,0.0,0.0,0.00366333036991317,0.0,0.0,0.02096761291765669,0.0,0.2018424545983403,0.0,0.0,0.0,0.0,0.0,0.0
0.37577099534477376,0.12457891106643988,0.3662249267959036,0.0,0.0,0.06641814665256404,0.0,0.0,0.0,0.0,0.3981403435698437,0.12882889595949312,0.15229623392440722,0.0,0.0,0.0,0.021525057069261982
0.0,0.0,0.004605709961667903,0.0,0.0,0.12326939767566578,0.10371543001252348,0.0,0.0,0.0,0.6215029708498979,0.37991561111869476,0.12199324073197455,0.0,0.0,0.0,0.020584399146135624
0.1700505327086566,0.0,0.2325331013524962,0.0,0.0,0.21494256297779057,0.0,0.025746631565410256,0.028245480169667082,0.0,0.3212884103920303,0.5019638453058619,0.06299567315207048,0.0,0.0,0.0,0.0
0.7237618296722141,0.22827990506428883,0.15349250700291947,0.0,0.0,0.0,0.0,0.0,0.0,0.0,0.19204463132307506,0.18405393383043447,0.0,0.0,0.0,0.0,0.07835398975974257
0.2186062398932342,0.07380628009150116,0.2633143697024697,0.2827092747533711,0.0,0.0,0.0,0.0,0.0,0.0,0.48855457197796526,0.3216407268520884,0.04592798560366985,0.0,0.0,0.0,0.0
0.07627508543951728,0.0,0.02768612715957493,0.061390959849898376,0.0,0.03270035794221808,8.069320658129621e-05,0.13829725618885313,0.017909390860058695,0.0,0.2595027742060519,0.42306610410345236,0.0,0.0,0.0,0.09115963191104193,0.007677917658879624
0.7671872346508095,0.0,0.32302754343271783,0.0,0.0,0.4158580826244901,0.0,0.0,0.0,0.0,0.3051738329404107,0.1456518035974005,0.14565888919430323,0.0,0.008827583053959675,0.08456183105649648,0.4190675085775388
0.8796013733004167,0.2253371861065323,0.26463839794225397,0.0,0.0,0.0,0.0,0.0,0.0,0.0,0.43104583834499827,0.3132297087629464,0.0,0.0,0.0,0.141568984023385,0.01749428139763523
0.42215296583802797,0.43468972127038236,0.16823938033445127,0.06718332839775003,0.0,0.07974550867051558,0.018379754525207508,0.02273865553165875,0.10806022614025497,0.05968678607552107,0.46987321728887715,0.14402431258920645,0.03251648802727587,0.0,0.0,0.0,0.0
0.30641584968155794,0.0,0.38141721887472396,0.0,0.0,0.21129087526771043,0.0,0.0,0.0,0.0,0.30943629191636707,0.3806967282703709,0.0908056721885153,0.0,0.0,0.007412812808999736,0.0
0.007018816194471022,0.0,0.002195911463478692,0.0,0.0,0.0,0.0,0.0,0.0,0.0,0.31577420428328384,0.20253311035008048,0.0,0.0,0.0,0.0,0.1571803298242434
0.8530787997285454,0.1555385184734704,0.27527161943216144,0.0,0.0,0.2246274137347748,0.0,0.09336942398276096,0.0577345405954226,0.0,0.45487188226486464,0.3214833843982102,0.0,0.0,0.0,0.0,0.017707263627941394
0.5781707253704815,0.0,0.4449982841759902,0.0,0.093962232663014,0.2804715772198796,0.039078479894265085,0.0,0.0,0.0,0.46322358676105635,0.33573609349921724,0.2700894689300398,0.0,0.0,0.0,0.0
0.2720772427472383,0.0,0.34043033369545855,0.0,0.1117031967425248,0.4010552459823907,0.0,0.0,0.036428753594705474,0.0,0.27652034971865314,0.4663230935226094,0.047251812506649296,0.0,0.0,0.0,0.0
0.0,0.0,0.5109440842212465,0.0,0.12933446313223562,0.3057093757066951,0.0,0.07124610272468211,0.056580767525966136,0.0,0.547589884960071,0.4069992298675514,0.026930522453951132,0.0,0.0,0.0,0.0
0.4401724659255972,0.19480003949893915,0.1327568977556286,0.12050555527116216,0.0,0.15775736116257283,0.0,0.0,0.05859311002854878,0.0,0.18856714585759637,0.14210266578912983,0.17736314131516162,0.0,0.0,0.0,0.0
0.1598326447471417,0.0,0.32491707585357005,0.0,0.0,0.08962602917954803,0.0,0.0,0.0,0.0,0.4900303525875806,0.5182150604579012,0.11910547105017733,0.0,0.0,0.0,0.0
0.2705542920116194,0.0,0.2918667759813852,0.0,0.0,0.006731498984824535,0.0,0.0,0.0,0.0,0.439225452940048,0.4011794385577825,0.06288406677520145,0.0,0.0,0.0,0.0
0.13176672728872846,0.0,0.5871096137327063,0.0,0.0,0.0,0.0,0.0,0.0,0.0,0.307850543101159,0.3576294483173899,0.0,0.0,0.0,0.025588636221336513,0.10373056892603708
0.24954897699166795,0.0,0.2346667625645061,0.0,0.004788647231140775,0.12754597832097056,0.0,0.022844850793921786,0.0017365513947385225,0.0,0.5890534567425514,0.18018593157502946,0.0,0.0,0.0,0.0,0.0
0.0,0.0,0.42229614788328274,0.0,0.0,0.13233197518745948,0.02959274865672986,0.0,0.0,0.0,0.25212037996347586,0.3729853647561883,0.05194167793682357,0.0,0.0,0.0,0.01390944585017434
0.4767354230961615,0.0,0.131308475426555,0.0,0.0,0.23758147346987016,0.0,0.0,0.06652886508408973,0.0,0.4497739325383018,0.26334083135508224,0.0,0.0,0.0,0.0,0.014970226982510122
0.6372517492142292,0.09121547526360901,0.1003667376741068,0.0,0.0,0.07290234792766119,0.0,0.0,0.0,0.0,0.20773638277896808,0.17797601708803248,0.0,0.0,0.0,0.20465370266846783,0.2021698090259731
0.3178158819885267,0.0,0.372772097585402,0.0,0.0,0.10238287908289638,0.0,0.0,0.0,0.0,0.24961201831023788,0.14421422882295137,0.0,0.0,0.0,0.05217933964735102,0.08035540189211124
0.46083199543718517,0.0,0.2384867128336033,0.0,0.022429982423128193,0.11384117929402823,0.0,0.0,0.0,0.0,0.5354984311635551,0.5195325803468136,0.13903736672809344,0.0,0.0,0.4080135657231526,0.13652604869510104
0.43147313942503474,0.0,0.20046828378893675,0.0,0.0,0.2592487058433014,0.014323096662198428,0.14545775534914218,0.0,0.0,0.4939653174060856,0.0639926897033709,0.0,0.0,0.0,0.0,0.0
0.21160865419710467,0.0,0.5331043338384054,0.0,0.0,0.07790231079282586,0.0797487340966952,0.0,0.0,0.0,0.5092463281510508,0.03894284137946987,0.2628394922948003,0.0,0.0,0.0,0.0
0.5796956942325486,0.0,0.10788985558540146,0.0,0.0,0.21038977130577088,0.0,0.0,0.0,0.0,0.6234753552632414,0.44682668412326276,0.02697696422476518,0.0,0.0,0.07540749160504875,0.3059524421788101
0.3574803345370495,0.0,0.4951411761104878,0.0,0.1767285774054373,0.4046277808049094,0.0,0.0,0.07151498156463133,0.03126289182697005,0.19823058796620274,0.3272806341177781,0.20048635459641506,0.0,0.0,0.0,0.05377190831361507
0.6334123366209521,0.35458811552579456,0.2787850619517036,0.0,0.0,0.17890427816919835,0.0,0.004968758503326301,0.0369838059388343,0.0,0.4532572806656937,0.2506961936367302,0.007976694244752329,0.0,0.0,0.0,0.18923506239770044
0.5903063141022377,0.3317051333663016,0.29403162100542135,0.0,0.013597575675834408,0.23326978302887352,0.0,0.009758923883618102,0.0,0.0,0.4980179244571998,0.25773109661450977,0.0,0.0,0.0,0.0,0.0375181454493398
0.35173789199668754,0.0,0.3972729477821671,0.0,0.057035934123720766,0.25587239583022026,0.0,0.08616075460057934,0.028231301903131258,0.0,0.5817036093315029,0.46099471163730604,0.0,0.0,0.0,0.0,0.011933027395253098
0.09005280840540032,0.0,0.5725750175979141,0.0,0.0,0.10992740585850055,0.0,0.0,0.0,0.0,0.41637750506908294,0.3552566491653465,0.0,0.0,0.0,0.05720573896902892,0.0
0.7040695852149293,0.546272218024072,0.0,0.6476530084062739,0.0,0.0,0.0,0.0,0.0,0.0,0.12030486341829597,0.0,0.0,0.0,0.2552198396300979,0.4014302177049423,0.0
0.5035748886711214,0.599119234725344,0.06174369392043015,0.11983457798342274,0.0,0.0,0.0,0.0,0.0007586317880640625,0.0,0.0,0.0,0.006514952115430408,0.0,0.3213208469089128,0.5376003074482781,0.0
1.0,0.7778743588953717,0.0,0.23548107550401953,0.0,0.06680415012644803,0.0,0.0,0.11339369515715192,0.0,0.05786636837884194,0.06636769862635092,0.0,0.0,0.0,0.5655405216336999,0.0
0.553200783829203,0.64683690480012,0.10622346904809325,0.26478629962465833,0.034040030409731005,0.1274751224188381,0.0,0.06037800106273222,0.17255328589008845,0.0,0.04699238505932486,0.0,0.09015455856521852,0.0,0.3615128257888397,0.46348879866267956,0.0
0.46576423226334535,0.5359065632969479,0.0,0.6238859675020288,0.0,0.0,0.0,0.0,0.0,0.0,0.0,0.03042710693478682,0.0,0.0,0.14835990829447243,0.3167431621697882,0.06020987998473084
0.5346860266425878,0.31893243434543833,0.0,0.36272079255759077,0.0,0.03468751320469144,0.0,0.0,0.046715203847760726,0.0,0.0,0.0,0.0,0.0,0.21463743276936387,0.44240598865650044,0.0
0.5239275377349306,0.5558332409760983,0.0,0.48283111644739973,0.0,0.0,0.0,0.0,0.00804944293950514,0.0,0.2219508387635276,0.03169956541050096,0.0,0.0,0.39695699727088785,0.30432375065788025,0.0
0.0,0.03652651787477842,0.0,0.41127441025080247,0.0,0.0,0.11590751480325727,0.0,0.0,0.0,0.03612449537788957,0.06315324041129618,0.14128753621779905,0.0,0.2679002085913404,0.6187476196967229,0.0
0.5044412004167633,0.5179265584317021,0.07827016725349292,0.025130199817314486,0.0,0.0,0.0,0.068554261401473,0.06343441347799725,0.0,0.10924138226157029,0.13799989234243765,0.0,0.0,0.1345998197859884,0.4219144461558134,0.0
0.9735245623807917,0.8519562943629543,0.0,0.22209166550824055,0.0,0.0,0.0,0.0,0.00590318508075155,0.0,0.05900306535688887,0.0,0.0,0.0,0.41467843763356527,0.6251473100908838,0.1417667158111426
0.5168332453152408,0.6636636108817167,0.1151690363316461,0.7014966351410181,0.0,0.0,0.0,0.0,0.0,0.0,0.20099080037258416,0.20502307185708046,0.0,0.0,0.2550963756527588,0.5106427268752901,0.0
0.3743533619594802,0.340373493936855,0.0,0.15506917206654589,0.0,0.0,0.0,0.05062665605357364,0.07284770828445952,0.0,0.0,0.0,0.0,0.0,0.29666846088968624,0.3630806206519154,0.017109060360464574
0.7497670525951123,0.48567358348501954,0.0,0.3422395844125383,0.0,0.0,0.0,0.0,0.1264105524299694,0.0,0.0832845295948894,0.0,0.0,0.0,0.5218226390156298,0.47051656384357426,0.027980972081925144
0.884811749325776,0.7679373581278395,0.0,0.48134193198533,0.0,0.0,0.0,0.0,0.04285079313535316,0.0,0.0,0.015196845180614598,0.0,0.0,0.11436835476288428,0.70941125980219,0.0
0.6860877907526435,0.6326215307091279,0.0,0.3371809980236109,0.0,0.0,0.0,0.0,0.013950824591402155,0.0,0.1364902357218472,0.0,0.0,0.0,0.29815811135184644,0.2130967181537115,0.0
0.7103019915495591,0.32212568059679303,0.010272673188836793,0.20167207894544595,0.0,0.0,0.0,0.0,0.0,0.0,0.059320889782487396,0.0,0.0,0.0,0.08369803275337051,0.54063377653786,0.14958093032031536
1.0,0.7711944513803369,0.0,0.49886336788022867,0.0,0.0,0.0,0.0,0.0,0.0,0.0,0.0,0.0,0.0,0.21732240477051556,0.341734329432256,0.09144883277789459
1.0,0.7350678677109357,0.0,0.3252118900951274,0.0,0.022057310538363278,0.0,0.0,0.0,0.0,0.09547893390633869,0.0,0.0,0.0,0.19590902946790753,0.5589133683085308,0.03680619703790476
0.833676374629025,0.6042585757260367,0.0,0.3217236110166292,0.0,0.0,0.0,0.0,0.010601839623853332,0.0,0.0819601373865417,0.0,0.033478025677058314,0.0,0.18683305584627002,0.5703388856134032,0.015825437802877918
0.8292442547533858,0.7187444870356963,0.04878647736163695,0.5070455914852385,0.0,0.0,0.0,0.0,0.1841470856918676,0.0,0.1824106661468476,0.10334189858112901,0.0,0.0,0.39198988719914074,0.3621666990328729,0.0
0.5592336542302976,0.42574587824202836,0.24572694419660115,0.6877032681323192,0.0,0.0,0.0,0.0,0.06531801037217186,0.04644160621387322,0.16945619795060363,0.0,0.057520669555059044,0.0,0.14463404706195643,0.661293425080736,0.0
0.0945115678477174,0.2895017413440869,0.05885568647797018,0.4860086102743617,0.01231550794759966,0.0842887528515595,0.0,0.0,0.11645460523869762,0.0,0.0,0.0,0.0,0.0,0.3975937892779021,0.5036082460291016,0.030180783438929354
0.13124500523488156,0.3117565908289927,0.1641815672502555,0.3032883628812545,0.0,0.0,0.04485089634385171,0.0034436519407547244,0.0,0.0,0.14551321653387986,0.12332604109428982,0.0,0.0,0.10605690780655556,0.6525806699715387,0.04938953426033326
0.7258781784213356,0.33494621761193843,0.1945722942796747,0.028175335893639547,0.0,0.12086950510725743,0.0,0.0,0.0,0.0,0.17322818971986334,0.0,0.0,0.0,0.25908793868566665,0.49605086565418616,0.21487200535916778
0.6822186672037225,0.5503990334911305,0.1933955165543526,0.3281620308920121,0.0,0.0,0.0,0.0,0.0,0.0,0.04975837504477075,0.0,0.0,0.0,0.3932028145853349,0.45299898946934325,0.11038468695313039
0.317883983500192,0.48452002335873406,0.0,0.403945935508366,0.0,0.0,0.0,0.0,0.02998378759203078,0.0,0.17762453617863005,0.0,0.0,0.0,0.29639601870776305,0.2643950065126542,0.0
0.38969905527278575,0.514079732367996,0.03800605035783768,0.5835819387080969,0.0,0.0,0.0,0.0,0.0,0.0,0.05748615632012927,0.0,0.0,0.0,0.26058830416269824,0.6790864344521113,0.0
0.734631992435022,0.5867441413961328,0.0,0.30545513177740824,0.0,0.0,0.0,0.0,0.0601328539226203,0.0,0.019724766661921498,0.0,0.0,0.0,0.2525357642342403,0.5494845894879059,0.04169750921909467
0.7823786872594516,0.7011283770655269,0.0,0.6855045416702731,0.0,0.0,0.0,0.0,0.023906018369715534,0.0,0.012408614967172948,0.0,0.0,0.0,0.17971254788162294,0.6533433116538372,0.13486492943640985
0.5661962350385014,0.5162085181096729,0.32904380632876606,0.48495382771545004,0.0,0.0,0.0,0.0,0.0,0.0025538550873988835,0.0,0.0,0.0,0.0,0.2605527750356384,0.5529672424134446,0.0
0.6735411172572768,0.6116554380934394,0.0,0.45609927249768634,0.0,0.0,0.0,0.0,0.008122650001548304,0.0,0.0018397990309935303,0.0,0.0,0.0,0.34055157337980463,0.5346021897473193,0.03724877911583034
0.6061878547777436,0.37227172580384693,0.05270147350300627,0.2306763066691965,0.0,0.0,0.0,0.0649779248599889,0.060175112110200324,0.0,0.01982552483330094,0.0,0.0,0.0,0.35841909652980253,0.29799843725830033,0.11132923437476987
0.5928177729554023,0.1985866132711395,0.18782988304651965,0.2988707759826423,0.0,0.0,0.0,0.0,0.0,0.0,0.007305691434442432,0.04255828183307507,0.12438091196441,0.0,0.31042670053387134,0.5318797661256873,0.13299229115370284
0.9099002441322526,0.5247776053233472,0.007039112597812999,0.29471016603426486,0.0,0.0,0.0,0.0,0.0,0.0,0.36860480153303854,0.15222570990030304,0.07925908094266049,0.0,0.21469981976680907,0.5310513437527378,0.056599064897565075
0.6150244822651146,0.5098731289500156,0.1504748610216403,0.5611939661306418,0.033325580136289404,0.13166452165418166,0.0,0.049963136440368094,0.17597552068571604,0.0,0.07923466755203987,0.0,0.09337364110634092,0.0,0.4693984947562476,0.39634654473433806,0.08575712269578788
0.8479852808318082,0.8070246926466067,0.1256356124864037,0.03249447869428323,0.0,0.14669690607471772,0.0,0.12964901271302223,0.20229877460280168,0.0,0.0,0.0,0.0,0.0,0.4368167626716752,0.4235202205825169,0.16747439607052567
0.8510339954486454,0.940706994446176,0.06912392377825237,0.029869527819431786,0.0,0.02407528598641438,0.0,0.0,0.04495140607299157,0.0,0.1166605804413208,0.0,0.0,0.0,0.33325922268814334,0.5414722282556044,0.02705162210998096
0.7646863703623339,0.7405488715569012,0.0,0.38319724214060535,0.0,0.09282984331798434,0.0,0.0,0.07014641619368459,0.0,0.1012094352835821,0.0,0.0,0.0,0.4211487087293378,0.47566856030782995,0.028950226216978486
0.32575790747296823,0.4450235278100859,0.09078651302075243,0.3808747792673862,0.0,0.0,0.0,0.04131387451168263,0.0,0.025775464527204382,0.0,0.0,0.0,0.0,0.28779078624752863,0.5608039802521446,0.0
0.5954643110288874,0.4498884785665959,0.21128778862153177,0.5619345208352785,0.0,0.0,0.0,0.0,0.0,0.0,0.0,0.0,0.0,0.0,0.13624137824029908,0.1274066775128838,0.0
0.4578331576986927,0.31415777145381985,0.09832846212238114,0.07216104467263917,0.0,0.0,0.0,0.0,0.04221677049555474,0.005431301093035502,0.0005835485261899397,0.0,0.09342794215895465,0.0,0.24893364315833347,0.1336118622399105,0.0
0.9638997301272548,0.589232085936835,0.0,0.4290623182654124,0.0,0.0,0.0,0.0,0.16118369254628262,0.0,0.12846173324850202,0.0,0.3913459276166422,0.0,0.0,0.10329392088973274,0.0
0.6462555652541778,0.5988170512506655,0.08394212727668957,0.5926190592518349,0.08822368788631033,0.05633246399064175,0.0,0.05928024513867053,0.1574944192767858,0.0,0.31405078858782415,0.0,0.40217059989481896,0.0,0.3089408058458627,0.21651666475766423,0.0
0.472798570637132,0.5054302702395329,0.0,0.7212569383038563,0.0,0.0,0.0,0.0,0.0,0.0,0.046228869368588166,0.024537687480495403,0.0,0.0,0.20267282410190407,0.3234205034043942,0.024784510586881785
0.7010240791213583,0.532733058138908,0.0,0.6520170665082949,0.0,0.0,0.0,0.0,0.07617698563981079,0.0,0.14795278857586808,0.0,0.2649559312717954,0.0,0.05093662070181224,0.0,0.0
0.6848624276905114,0.5582908764008883,0.014831781813183953,0.7293915424323478,0.0,0.0,0.0,0.0,6.128011496148723e-05,0.0,0.1815516367616392,0.0,0.20143929726305632,0.0,0.2341894817467855,0.0,0.0
0.0,0.0,0.0,0.39671411991108385,0.0,0.0,0.038380253800715816,0.0,0.0,0.0,0.07102887369766873,0.0,0.08212085107054427,0.0,0.046697128638356816,0.0,0.0
0.529006420320312,0.472575589283929,0.08625256755978075,0.0,0.0,0.004640256925222447,0.0,0.07735698154882756,0.10014457016425786,0.04407100947682486,0.3178046639678316,0.08977213191580954,0.1346414020045987,0.0,0.0,0.0,0.0
1.0,0.48132438678924405,0.11366401620127561,0.6015748667779375,0.0,0.0,0.0,0.0,0.0,0.0,0.2505245691594087,0.0,0.2737274113392944,0.0,0.08483757903264125,0.0,0.0
0.4797730323995474,0.4324432363788273,0.057317732807670316,0.7985167957242858,0.0,0.0,0.0,0.0,0.0,0.0,0.4175878090015175,0.027914337849047892,0.22507742567652214,0.0,0.10605332365925499,0.036043092904834186,0.0
0.351160331955576,0.388204131896874,0.0,0.3232964175452265,0.0,0.02177531178547737,0.0663075684994662,0.23825160155143177,0.2714203962316656,0.0,0.20278610740487063,0.10528137664147319,0.0,0.0,0.2935003464194349,0.019669977167943997,0.0
0.8508171667844614,0.21583235903854142,0.11433490580796542,0.5613272675650546,0.0,0.15927449300379645,0.0,0.0,0.03765113468763093,0.0,0.3005291771061172,0.0,0.029869167475655663,0.0,0.47574800914683546,0.2374278715381426,0.005616667575750018
0.8728685214708014,0.6222640059354366,0.04743575142705374,0.6477624924445218,0.0,0.0,0.0,0.0,0.0,0.0,0.09703178985120273,0.12634387207497733,0.13116475163826755,0.0,0.009828194217462954,0.20447487211081344,0.0
0.8279301854215916,0.8296009574674594,0.0,0.7177871195263068,0.0,0.0,0.0,0.0,0.09802901157835693,0.022381882231397573,0.32728896234063376,0.0,0.21809578408271996,0.0,0.15330518413254648,0.0,0.0
0.8580128836257985,0.44338633339267997,0.0,0.5135470295895079,0.0,0.0,0.0,0.0,0.0,0.0,0.3945004576679259,0.0,0.2613799192825682,0.0,0.0,0.0,0.0
0.6534004989617183,0.3968703437982486,0.0,0.4388242469802626,0.0,0.0,0.0,0.0,0.17615966056130267,0.13907483458135045,0.0,0.0,0.09497627328006622,0.0,0.025309825376107535,0.0,0.08963709493177452
1.0,0.6124799801396209,0.0,0.501485091588847,0.0,0.0,0.0,0.07434773708613218,0.09297677920551067,0.0,0.5272184994949216,0.0,0.029936811275051923,0.0,0.19108331744501045,0.0,0.0
0.8744931875022915,0.6539785259357015,0.0,0.4845352799978858,0.0,0.0,0.0,0.0,0.05899823443441724,0.0,0.3046015640266403,0.0,0.3054988063627389,0.0,0.0,0.0,0.0
0.7104600540200664,0.5703768460227511,0.010601479947889028,0.5924061091159747,0.0063583240047486445,0.0,0.0,0.0,0.22377333467244515,0.06137572132542113,0.41781756906364037,0.06416479636471076,0.31613075772332583,0.0,0.1992919337846271,0.0,0.0
0.46741982328478404,0.06539794199708118,0.10874931642387524,0.3955704978884515,0.019675177380785853,0.1255140547413065,0.0,0.0984801158305629,0.1111862498302318,0.0,0.30227839281088376,0.0,0.2259169892844206,0.0,0.0012843429002844797,0.0,0.0
0.539043028977947,0.34099989841720546,0.07596963499842042,0.6101022302424979,0.0,0.0565328678993867,0.0,0.0,0.05851655881688027,0.0,0.0019980977188885267,0.0,0.2019373743733067,0.0,0.13244960683554696,0.0,0.0
0.17562398139364777,0.1954623524592977,0.14549115233389193,0.5602967862199166,0.0,0.0,0.0,0.0,0.0,0.0,0.2264080589843518,0.0,0.10847221520871127,0.0,0.16454272547835241,0.013033084373142444,0.0
0.5855758712343323,0.30013495595459105,0.2080257329230928,0.25434382056772165,0.0,0.09228544702964557,0.0,0.0,0.0,0.0,0.4251464588148801,0.012820356112792943,0.20116013467911817,0.0,0.0,0.0,0.0
0.7580993457502057,0.7012795754211372,0.09531837677240824,0.31211876040694947,0.0,0.0,0.0,0.0,0.0,0.0,0.3257507323430368,0.18231639547866899,0.13273925615539933,0.0,0.23159405982953124,0.02114405430048243,0.0
0.36175641858750895,0.281333862728126,0.0,0.37793379925292603,0.0,0.0,0.0,0.0,0.04948608484340473,0.0,0.43715795293789333,0.0,0.25625883552919776,0.0,0.03538007583767543,0.0,0.0
0.3023186741133176,0.28598631666512214,0.03670938212682437,0.5179025867329846,0.0,0.0,0.0,0.0,0.0,0.0,0.20820756875964763,0.0,0.24745428813801484,0.0,0.1791136499596379,0.08048953007030106,0.0
0.7865370019582167,0.5052471493042853,0.0,0.2558844415522093,0.0,0.0,0.0,0.0,0.04164463732757886,0.0,0.2379607110440755,0.08224595463623907,0.3882856465669604,0.0,0.0,0.0,0.08723768007721415
0.3912763565391684,0.06888186556283966,0.15451364246500707,0.5403949659877442,0.0,0.0,0.0,0.0,0.0,0.0,0.024128052698337527,0.0,0.11326285835248666,0.0,0.25371378947665074,0.07579884815281974,0.0
0.626026427061137,0.3519959172005146,0.3325880878805954,0.8149634580873043,0.0,0.04131342950934021,0.0,0.0,0.0,0.0,0.21284280190792257,0.0,0.01992057109749071,0.0,0.18862589994879467,0.0936974383675914,0.0
0.780162957821323,0.6853212561462363,0.01805137570684821,0.7779891359214297,0.0,0.0,0.0,0.0,0.0,0.0,0.31081156593485204,0.0,0.18952905045835197,0.0,0.44597624588103046,0.20203644686561945,0.0
0.608606529532081,0.18360018089116492,0.18940560204300713,0.5616959539974081,0.0,0.0,0.011666966264481368,0.11581767934521466,0.0003511306878573317,0.0,0.4507504133553069,0.0,0.15789399040861854,0.0,0.3729531003860425,0.0,0.0
0.6922358191569694,0.43455298262268405,0.13449691963801136,0.43523814992104076,0.0,0.0,0.0,0.0,0.057832877554914695,0.0,0.3391172680826423,0.0,0.3180159211305997,0.0,0.053769664364018935,0.0,0.0
0.866311497036915,0.6440307058250176,0.0,0.48141754434790024,0.0,0.0,0.0,0.0,0.0,0.0,0.24439660672548819,0.14433271680380977,0.1432376896381769,0.0,0.31842898425363897,0.39136893880009194,0.0
0.6163963672847702,0.409646452820071,0.20126540316322528,0.47023966358460134,0.05773530117545543,0.10141642089290932,0.0,0.0,0.13687595906313957,0.11092432710567426,0.10570033781595985,0.0,0.25912609472732206,0.0,0.007527103607196384,0.0,0.027156417420358077
0.8894849780970734,0.8186460553125972,0.13998884903634712,0.08869124097386372,0.0,0.18184904847912908,0.0,0.0,0.07594432856672687,0.0,0.18398068121955796,0.0,0.10660501482237834,0.0,0.5281969690678692,0.0,0.08673024586557317
0.8318710958536115,0.9124925574362772,0.14908171878498477,0.4792992379997315,0.031772605248582095,0.21770930942516303,0.0,0.038056813760496445,0.056140126139846,0.07688593308461518,0.30977761219651523,0.0005971767036257458,0.13101852310566978,0.0,0.09365677189606851,0.0,0.0
0.8990316889400012,0.7921469930897066,0.0,0.6525258357515169,0.0,0.0,0.0,0.0,0.0885450535734634,0.0,0.34081393984145386,0.0,0.09639113725403597,0.0,0.06592484838338102,0.0,0.0
0.5689741141343874,0.3711121776416246,0.12810673607597872,0.5673798850653166,0.0,0.0,0.0,0.040655176934987484,0.03346748104458652,0.08927805678495364,0.07853883654675924,0.0,0.06615596698785199,0.0,0.2854905033320006,0.349160768678902,0.0
0.0,0.0,0.3783166324490402,0.0,0.14853347861778904,0.4752749043424586,0.4876901824369962,0.033136441020630555,0.012946873351692556,0.0,0.0,0.0,0.0,0.0,0.3647574009167568,0.0,0.0
0.0,0.0,0.7742503207228866,0.0,0.38736410572400504,0.5347217831206816,0.7223006982875957,0.3412254231933467,0.1163449550296765,0.0,0.0,0.0,0.01283529107007568,0.0,0.48456935863563777,0.0,0.3847558752444214
0.3427062058900513,0.18361886312182513,0.0,0.0,0.2642811217033419,0.5024609831865227,0.3700093141598593,0.3170513245539943,0.2843738904993454,0.0,0.0,0.0,0.0,0.0,0.4663131498629639,0.04623146838166161,0.0
0.0,0.0,0.24328418956304615,0.0,0.38121535204453594,0.7776561856324611,0.617066289740042,0.3966910083561,0.2524307993699988,0.0,0.0,0.0,0.0,0.0,0.6133942695811153,0.053402164093177974,0.0
0.0,0.0,0.1645844389316369,0.08785063493372292,0.07921241598256469,0.23269956794409596,0.5648191700178813,0.24494728482971867,0.02933186069411924,0.0,0.0,0.34262801259375286,0.0,0.0,0.0,0.0,0.0
0.0,0.0,0.5971481915325875,0.0,0.3124295452947861,0.7053535088347203,0.7031578418312847,0.33170489043205287,0.17122200714241406,0.0,0.0,0.0,0.0,0.0,0.3987359195894378,0.002718075107033635,0.0
0.007933211949969465,0.0,0.4266108963488152,0.0,0.325474697548359,0.6132898891724186,0.5885480854159457,0.20690019667116127,0.1291267212470558,0.0,0.0,0.049191144513393695,0.0,0.0,0.2353976811808422,0.0,0.0
0.0,0.0,0.24943070671007014,0.0,0.28316790465139763,0.6043680097701991,0.7947903568217642,0.3004695732712312,0.04474691418901802,0.0,0.0,0.0,0.0,0.0,0.29817373065577024,0.18890416356226197,0.0
0.0,0.0,0.17857372591962012,0.0,0.1830661332996209,0.4189191257129292,0.5833274542198335,0.3435326877907544,0.002537954647011037,0.0,0.04198896755264636,0.06034584766308308,0.0,0.0,0.0650011962190585,0.0,0.0
0.0,0.0,0.2848346799024903,0.0,0.25872824508562414,0.6398695929600164,0.443127594793524,0.19403221154489586,0.120880233979519,0.0,0.0,0.0,0.0,0.0,0.37792841616446327,0.0,0.0
0.0,0.0,0.19629106873441188,0.0,0.15123107122321486,0.3661994169328933,0.4792187386263909,0.29933036433243637,0.07810228522348224,0.0,0.1647837813138487,0.034890446816271015,0.0,0.0,0.3741572456957706,0.0,0.0
0.0,0.0,0.4012041674180393,0.0,0.36102818172496665,0.6025488089916137,0.7843117322851634,0.3951042899140109,0.2288434556808082,0.0,0.0,0.0,0.0,0.0,0.5127022914850847,0.0,0.0
0.0,0.0,0.5789680866503821,0.0,0.24620803133487815,0.6733273897610523,0.6333057092716815,0.39042350629645306,0.00265001391777146,0.0,0.03580680629636786,0.0,0.0,0.0,0.6327795625936997,0.24869329544984678,0.1725566837267779
0.13728844362872064,0.0,0.324104993442625,0.0,0.22582567082393717,0.5254043280796376,0.31027866318650305,0.17602567767330685,0.05607379512809474,0.0,0.0,0.14569763548629203,0.0,0.0,0.5620690159272589,0.10093213949043892,0.06142921343270562
0.0,0.0,0.16650450417150917,0.0,0.29575828426952605,0.5253519190622116,0.6174896807003727,0.357408290590522,0.2172008248843192,0.16313876740091798,0.0,0.0,0.0,0.0,0.3905956473884852,0.0,0.0161721859169567
0.0,0.0,0.6373852503416858,0.0,0.27907879510388905,0.8027386547976919,0.8153495491171492,0.27977234138895035,0.0,0.0,0.06883505818234861,0.0,0.0,0.0,0.0,0.0,0.0
0.0,0.0,0.14024225286672065,0.0,0.19121954696524618,0.5734471824778828,0.6345110398945618,0.3247819646716029,0.13018943533020533,0.013932614713912553,0.0,0.0,0.0,0.0,0.41146128066630777,0.0,0.0
0.13501597285161213,0.144240948158234,0.17401707574258435,0.0,0.19862471960893746,0.7059152260526972,0.6274226271974703,0.22793161481855467,0.0649848843178353,0.0,0.02664270362071559,0.0,0.0,0.0,0.3503462060690402,0.0,0.09799050802547016
0.0,0.0,0.15943929768526496,0.0,0.3405482947084456,0.5005647735992497,0.765894412546857,0.40859053787259747,0.2003091439608248,0.0,0.0,0.0,0.0,0.0,0.27257068127002615,0.0,0.0
0.0,0.0,0.2687968023237644,0.02559716982764308,0.2808427909036882,0.5466100912170574,0.5499534417784715,0.30453080731630816,0.13572286092895697,0.0,0.0,0.12643426610784636,0.0,0.0,0.18470742882299213,0.0,0.0
0.0,0.0,0.4340194274309189,0.0,0.2816950163000808,0.6064082408708386,0.46487748706071236,0.4415688167885114,0.14780060738042958,0.0,0.03964465149212809,0.0,0.0,0.0,0.3196378699277863,0.09307107766221015,0.044768550064075825
0.0,0.0,0.18921275491906836,0.0,0.2892994959835461,0.609722373995816,0.48855057657080253,0.29609432854707707,0.19940809419655378,0.0,0.0,0.0,0.0,0.0,0.39437046786355123,0.0,0.027598171959733058
0.0,0.0,0.35007213635475815,0.0,0.2518020261470591,0.4978177468854465,0.571440545506851,0.27975670405930847,0.0566654542524103,0.0,0.0067475591122264245,0.0740209002687149,0.0,0.0,0.5870197770639132,0.1948726321788778,0.0
0.0,0.0,0.3853027631008323,0.0,0.14750525133023407,0.4814367096912532,0.6676335023000931,0.10159454769811829,0.0500668478723821,0.0,0.149237240473766,0.0,0.0,0.0,0.4079359752868571,0.0,0.04578521458041576
0.0,0.0,0.2205593330967258,0.0,0.10036566243464214,0.477141490485845,0.6807177707418978,0.20477486667859773,0.0,0.0,0.0,0.0,0.0,0.0,0.17684334334914692,0.0,0.22923262820221685
0.0,0.0,0.21851398014805393,0.0,0.18667572039213687,0.39885105675236565,0.751096944606653,0.27272307819519936,0.02638599518480488,0.0,0.0,0.0,0.0,0.0,0.20585910181699013,0.0,0.0
0.0,0.0,0.3487313545285552,0.0,0.2807848542746297,0.3163919837561113,0.779523864263563,0.24702585159449836,0.0361078775879311,0.0,0.0,0.0054750922510942105,0.0,0.0,0.3005481567780034,0.0,0.0
0.0,0.0,0.45552585294937364,0.0,0.3828066793888617,0.6688698509501771,0.45823854599348224,0.3558503624213947,0.19667819144170942,0.0,0.0,0.019760381206239394,0.0,0.0,0.45049077483068184,0.0,0.0
0.0,0.0,0.18324870626113246,0.0,0.29195877114999064,0.7316156631796809,0.7448107899015192,0.38579728426514576,0.15570488827525786,0.0,0.0,0.0,0.0,0.0,0.3654165448788821,0.0,0.0
0.0,0.008003041707086697,0.15310868536180872,0.0,0.13210512724683085,0.35382293274167526,0.4682353397117195,0.35407050273566537,0.002658361594126785,0.0,0.0,0.008059391421168901,0.0,0.0,0.46344470633842727,0.0,0.0
0.0,0.0,0.4418164755821369,0.0,0.2917640771936612,0.6331049791779694,0.7011862850416922,0.3314856597118313,0.060359700663214985,0.0,0.0,0.056535252194276644,0.0,0.0,0.25959466646684015,0.08167210845219577,0.12319068856729132
0.0,0.0,0.2577307379898995,0.0,0.22873619108299764,0.5235905462784454,0.7587943332823113,0.27834202736817937,0.17448812197623326,0.0,0.0,0.0,0.0,0.0,0.16963362658858044,0.0,0.045407149757575434
0.0,0.0,0.17972249965613332,0.0,0.32372234137019484,0.5224908628636855,0.8026908073788089,0.20384001833811966,0.0,0.04170128166249629,0.25374491794046117,0.0,0.381203919839762,0.0,0.06092921077941353,0.0,0.05689288805134329
0.0,0.0,0.060557460091328466,0.0,0.09877346146603438,0.5536651420215934,0.5881303640768134,0.18318656483010295,0.1256367427921316,0.0,0.14541505573956764,0.2475631092324267,0.0,0.0,0.39440741323189027,0.15466379391705437,0.3469900529067164
0.0,0.0,0.3059262571133264,0.0,0.26012847877826717,0.7071100872964287,0.5293222463291964,0.20349000493187744,0.06513036819628149,0.0,0.0,0.0,0.0,0.0,0.4354211394522117,0.0,0.0
0.0,0.0,0.2946232565367772,0.0,0.3776592732472597,0.9731975404572971,0.6444033292113643,0.22309079535276558,0.16859762321546135,0.015373505986187804,0.0,0.0,0.0,0.0,0.33304975195288,0.0,0.19543987802706392
0.00015893258922424768,0.14534466303090024,0.19293524435791942,0.0,0.27770426613639326,0.5765506226840748,0.44537310341342956,0.294371057804658,0.2227719851010935,0.006825556479563141,0.007443011214942163,0.08684992916481002,0.0,0.0,0.23210573256007758,0.0,0.0007879179178051698
0.0,0.0,0.32298148267243076,0.0,0.3959569792511818,0.7771564712453835,0.7665004623045466,0.2803864420696235,0.16730822779270832,0.0,0.0,0.0,0.0,0.0,0.546768428140606,0.0,0.0
0.0,0.0,0.3161459501232033,0.0,0.2893382492605903,0.4202957515491204,0.5765866396438791,0.4185157664631841,0.1592755319352499,0.0,0.0,0.0,0.0,0.0,0.2997828383307285,0.004233361231083821,0.0
0.0,0.0,0.4223349663931935,0.0,0.0,0.12881403481369774,0.15014646422571307,0.0,0.0,0.0,0.11729709286124754,0.2777938689992513,0.0,0.03685542579930995,0.0,0.0,0.0
0.0,0.0,0.8173130773946274,0.0,0.0,0.06529107666725058,0.1328447312473659,0.0,0.0,0.0,0.0,0.0848240753355531,0.20647000680804917,0.0,0.0,0.07078970065032675,0.12492001766565611
0.0,0.0,0.5337973837703887,0.0,0.1009502557409863,0.2467812263589447,0.0,0.0,0.0,0.0,0.17114099382952022,0.3809000685307934,0.27312636960414505,0.11737766609485818,0.0,0.04413112391741299,0.0
0.0,0.0,0.6427131169237971,0.0,0.1757678529455845,0.40227362328388033,0.0,0.0451160096573005,0.055303481301338095,0.001433328806660223,0.0,0.15070423362134538,0.3576660706330355,0.0,0.0,0.12178196695478176,0.0
0.0,0.0,0.7309753266311544,0.0,0.09631551885820286,0.20933556173333479,0.26880423793114877,0.0026866495358841614,0.0,0.0,0.1498919289899964,0.6041073561039992,0.05478992402868552,0.19950759070728458,0.0,0.0,0.0
0.0,0.0,0.8264515987167661,0.0,0.14999833971369708,0.4951383434475075,0.14891189861311807,0.0,0.0,0.0,0.09248274213268429,0.3549955382978989,0.04081623988867183,0.10602385438126238,0.0,0.0,0.0
0.09697078580237986,0.0,0.6269198702554765,0.0,0.09416349669542712,0.32003542943129903,0.0,0.0,0.0,0.0769483752453819,0.24667728726587845,0.13692344284036956,0.1432506810603811,0.0,0.0,0.0,0.03491572392920654
0.0,0.0,0.6055565568803727,0.0,0.0910063439926121,0.36698617125318855,0.23938498782978074,0.0,0.0,0.0,0.31218469856777953,0.3078728395341017,0.2380935324549748,0.13761215114037978,0.0,0.0,0.0
0.0,0.0,0.632113192707067,0.0,0.05995524713808982,0.30436380754271164,0.14922950426988996,0.10937249819333723,0.0,0.0,0.2527485426664058,0.4332764557891178,0.18064771852136066,0.0,0.0,0.0,0.0
0.4309022762148011,0.05105058459964821,0.5762557389902647,0.0,0.0,0.3399795875326884,0.0,0.0,0.0,0.0217034858701353,0.023146280555734634,0.13808734806033532,0.2762427898480984,0.0,0.0,0.0,0.0
0.0,0.0,0.6527516096519335,0.0,0.0,0.0,0.0,0.0,0.0,0.12383869252903615,0.2265726029910337,0.34095019647822306,0.21687239717195764,0.10988802300142742,0.0,0.0,0.0
0.0,0.0,0.35166991004154957,0.0,0.0,0.013640683843211576,0.20030446059915397,0.16686129782916792,0.0,0.0,0.09098299663099893,0.04808392569155046,0.0,0.0,0.0,0.0,0.0
0.0,0.0,0.6378861168437987,0.0,0.0,0.38118012754199004,0.08031317303714108,0.007520632102713132,0.0,0.0,0.4257301414417999,0.30807781177122057,0.029908542470957877,0.0,0.0,0.0,0.03774500633129984
0.3034269559593405,0.0,0.7191179139673254,0.0,0.015516021494338308,0.3073205499860624,0.0,0.0,0.0030859205014074076,0.0,0.09021269944294705,0.21679727182191214,0.19012992605047654,0.0,0.0,0.045126934747520296,0.0654378986470314
0.0,0.0,0.6831892802595847,0.0,0.0,0.0,0.07337182066461294,0.0,0.0,0.36806988918795536,0.23422561398380534,0.05958678516812697,0.3338784492861465,0.0,0.0,0.0,0.0
0.0,0.0,0.48193428180702735,0.0,0.0,0.17189506162460746,0.13333378663200185,0.0,0.0,0.0,0.2272942143292312,0.2636089449832699,0.029385197309141624,0.0,0.0,0.0,0.032082614226001296
0.0,0.0,0.36131093960369653,0.0,0.0,0.13173822338590183,0.0,0.0,0.0,0.10955927795496481,0.0,0.14580515967351226,0.0,0.051827587814097964,0.0,0.0,0.0
0.09024474049167266,0.0,0.5326411176036757,0.0,0.06099176806799946,0.62763151164905,0.051798210828414716,0.0,0.0,0.0,0.22448875129530954,0.22599283295570732,0.0,0.0,0.0,0.0,0.1592904761842626
0.0,0.0,0.5138926120269522,0.0,0.056470755897778356,0.17381669408787648,0.31884496032444465,0.0,0.0,0.0,0.03807507342039396,0.24216205317917533,0.0100389600596541,0.0008984835647638856,0.0,0.0,0.0
0.0,0.0,0.46007784287648806,0.0,0.1177404413904291,0.40813230888520735,0.07197601814458862,0.0,0.01734242359334052,0.0,0.365207551556994,0.5143396003569045,0.07775431774243027,0.03535665291470839,0.0,0.0,0.0
0.0,0.0,0.59433247850162,0.0,0.1458193309812855,0.28078169590032004,0.00352683428572005,0.1545555367856093,0.02818446576785998,0.10128027722905839,0.19333999643882616,0.26399750034171204,0.21749278327896687,0.14747483347756352,0.0,0.03906163959472011,0.0
0.0,0.0,0.4020458602979205,0.0,0.08456817769506512,0.39684462410810395,0.0,0.0,0.07853140417826772,0.021080554608051416,0.17804713421647914,0.4181647884660563,0.25941062703193657,0.11164677849150992,0.0,0.0,0.0
0.0,0.0,0.57090015583808,0.0,0.2234603385885124,0.271547450276626,0.10447766842438362,0.15724898853748556,0.04158010157654002,0.09786339561868936,0.08001230015241491,0.5804390747720175,0.18560647214902312,0.10427221993310139,0.0,0.08116380268947052,0.0
0.0,0.0,0.5075541812527887,0.0,0.0,0.1017922631052501,0.21906441499707863,0.0,0.0,0.0,0.3754026876361219,0.10086648206067839,0.01442584373104681,0.0,0.0,0.0,0.08641772752113144
0.0,0.0,0.6490526751459604,0.0,0.0,0.33207898651267714,0.07969506853943148,0.0,0.0,0.021777994200397284,0.0,0.25154162306936073,0.16772945363081715,0.11305689142588204,0.0,0.0,0.21686827336887263
0.0,0.0,0.24594628364057852,0.0,0.17604428663349245,0.35687354031595375,0.24424373718975684,0.16311649877244014,0.0,0.02805862644007644,0.28149216056592274,0.27972040938248116,0.0,0.0,0.0,0.0,0.0
0.0,0.0,0.7139608571153939,0.0,0.10304216118038342,0.25199310160879057,0.2901534029279421,0.0,0.0,0.0,0.12325361220461632,0.4336647234082808,0.22267070494133448,0.0,0.0,0.0,0.0
0.0,0.0,0.34675829527757995,0.0,0.0,0.28418041229940694,0.0,0.0,0.0,0.0,0.12432872821275395,0.09924010211838513,0.07718535271403773,0.0,0.0,0.025808235442506745,0.0
0.0,0.0,0.3159003944465316,0.2377302458206164,0.0,0.0,0.013327861742892588,0.0,0.0,0.0,0.06140199867786429,0.6393229308459197,0.07896366205528542,0.29124003210368365,0.0,0.0,0.0
0.0,0.0,1.0,0.0,0.004892685744457076,0.08533909304042643,0.010959767430156354,0.0,0.0,0.12299088289106871,0.0,0.24076944984331625,0.011142451282750699,0.009548330694734274,0.0,0.0,0.0
0.0,0.0,0.4597760386720319,0.0,0.1993518168653109,0.43057929455887267,0.04281242932561654,0.0,0.04927484190966845,0.02980115326768796,0.0,0.5152492533976727,0.07346961995583046,0.12788552358211266,0.0,0.20305570420812918,0.17426431170281734
0.0,0.0,0.7733952872964165,0.0,0.07400060922206696,0.2847561707071289,0.351259469539571,0.06779407106716671,0.0,0.0,0.2881346875205972,0.21850813843423023,0.02239843556197745,0.0,0.0,0.0,0.0
0.0,0.0,0.7668026981331855,0.0,0.12929055583864868,0.19519011034500192,0.20442948792756704,0.0,0.0,0.0,0.16300786781651883,0.547175880382058,0.1991882418377821,0.0,0.0,0.0,0.0
0.0,0.0,0.7981238975675472,0.0,0.0,0.3322577201446974,0.10295404326981428,0.0,0.0,0.0,0.21727657191320585,0.4757294159717951,0.02738257914908363,0.0,0.0,0.056773332178031044,0.10457147816074311
0.06944560561849221,0.0,0.6528477423031648,0.0,0.19400073933605183,0.3906025197296474,0.0,0.06298969065040166,0.10993985352116478,0.1871314250624858,0.24007586983453982,0.4238188350563619,0.20416065107931466,0.12097818024459354,0.0,0.0,0.0
0.10952751432132998,0.04529538766197482,0.7361612436707666,0.0,0.014973474819770414,0.5379531534710039,0.0,0.0,0.0,0.14409530276834637,0.18593573996360555,0.35107528515275493,0.19108246894104952,0.07206384963776792,0.0,0.0,0.017247761087705444
0.0,0.0,0.3920440438118535,0.0,0.0,0.4255005116837111,0.04807558835889246,0.0,0.0,0.02542739031013134,0.03068014907587352,0.3764599647517969,0.0,0.0,0.0,0.0,0.0
0.0,0.0,0.6924676543893815,0.0,0.1808107523608569,0.40330037292454995,0.08062548256876383,0.11903742942271048,0.0,0.08858007398367188,0.2960500473547237,0.34123784118219047,0.24719329625710101,0.0,0.0,0.0,0.0
0.0,0.0,0.7350922540289012,0.0,0.12282734968695834,0.21075432815160985,0.03868517077797475,0.0,0.0,0.02270651325554345,0.14160044415096834,0.488788254001704,0.12043382086339738,0.03944489353639874,0.0,0.0,0.0
